no,x,y
1,5.57547,100.68505
2,5.571378562,100.6859324
3,5.570543801,100.6851051
4,5.57632983,100.6846183
5,5.570578368,100.6842268
6,5.572708053,100.6863967
7,5.572021429,100.686309
8,5.571369619,100.6852574
9,5.573330129,100.6865378
10,5.576846026,100.6842555
11,5.572249794,100.6852171
12,5.571948399,100.685527
13,5.576676523,100.6847048
14,5.572044151,100.68587
15,5.573503105,100.686099
16,5.577608012,100.6843111
17,5.574760486,100.6854599
18,5.576722372,100.6842585
19,5.574073187,100.6856079
20,5.571788201,100.6853014
21,5.574179529,100.685951
22,5.574943386,100.6853533
23,5.572986726,100.686526
24,5.570545517,100.6845052
25,5.57354496,100.6864742
26,5.574953791,100.6854176
27,5.575973904,100.6852814
28,5.57664207,100.6843192
29,5.573201311,100.686548
30,5.572439295,100.686503
31,5.572225139,100.686331
32,5.577672559,100.6842579
33,5.576712372,100.6834553
34,5.575018092,100.68545
35,5.573600749,100.6856817
36,5.573177623,100.6855688
37,5.570888707,100.6845919
38,5.571871575,100.6861695
39,5.571315733,100.6853858
40,5.572710201,100.6856468
41,5.575481761,100.6852089
42,5.577135329,100.6844706
43,5.571232356,100.684518
44,5.577876484,100.6842048
45,5.571721538,100.6860939
46,5.576330046,100.6845431
47,5.571435852,100.6846149
48,5.570458249,100.6849977
49,5.571454926,100.6854504
50,5.570608103,100.6851375
51,5.573245038,100.6862697
52,5.571284056,100.6851537
53,5.570543586,100.6851802
54,5.572289686,100.6862778
55,5.57272036,100.6857968
56,5.570479039,100.6852334
57,5.577060397,100.6843524
58,5.572310691,100.6864384
59,5.571057635,100.6855673
60,5.575555538,100.6851622
61,5.576761179,100.6839016
62,5.570614887,100.6839664
63,5.574887126,100.6862101
64,5.575932295,100.6848205
65,5.571346897,100.6856967
66,5.575285729,100.6852674
67,5.570975454,100.6842816
68,5.572021214,100.6863841
69,5.575728083,100.6848736
70,5.575338805,100.68589
71,5.575480646,100.68513
72,5.577339284,100.6844069
73,5.570416668,100.6845263
74,5.575846988,100.6846274
75,5.57717881,100.6842779
76,5.573158289,100.6865802
77,5.576221556,100.6849499
78,5.570526569,100.6850314
79,5.571121937,100.6855995
80,5.577747451,100.6842901
81,5.570607889,100.6852124
82,5.570655039,100.6849377
83,5.576737782,100.6845766
84,5.570578613,100.6841411
85,5.572699755,100.6854968
86,5.572743297,100.6852827
87,5.570439174,100.6841621
88,5.570470799,100.6843122
89,5.572581351,100.6856679
90,5.5727726,100.6863434
91,5.577271083,100.6843791
92,5.572291833,100.685528
93,5.573345196,100.6866127
94,5.571723898,100.6852693
95,5.571917264,100.6852055
96,5.57677324,100.6834875
97,5.575963244,100.6852062
98,5.572226796,100.6857526
99,5.570599404,100.6843768
100,5.570438653,100.6843444
101,5.575403567,100.6857616
102,5.572214795,100.6862453
103,5.575649727,100.684752
104,5.577264607,100.6842996
105,5.574951643,100.6861674
106,5.574517991,100.6860498
107,5.571238869,100.6859426
108,5.570287635,100.6846116
109,5.572161082,100.6862131
110,5.5767476,100.6846592
111,5.575490776,100.6852906
112,5.57063254,100.6840984
113,5.575532385,100.6857514
114,5.572868527,100.6865257
115,5.577199692,100.6844813
116,5.576719108,100.6836016
117,5.570240627,100.6847366
118,5.570596462,100.6854051
119,5.577726415,100.6841401
120,5.574876782,100.6861243
121,5.571968974,100.6858375
122,5.571153347,100.6858246
123,5.571765295,100.685805
124,5.575276817,100.6850496
125,5.572581136,100.685743
126,5.575286851,100.6853437
127,5.575780569,100.6853342
128,5.576621525,100.6839978
129,5.570961882,100.6852242
130,5.570568238,100.6840662
131,5.57678217,100.6843014
132,5.573717506,100.6861853
133,5.572506235,100.6856143
134,5.576809229,100.6846125
135,5.575522011,100.6856763
136,5.577597596,100.6841505
137,5.576729769,100.6836767
138,5.574491768,100.6856519
139,5.571830026,100.6856872
140,5.571111521,100.6854389
141,5.570911183,100.6842386
142,5.574115012,100.6859936
143,5.572893121,100.6854331
144,5.571125523,100.6843463
145,5.573276202,100.6865805
146,5.576760811,100.6840302
147,5.570998474,100.6849387
148,5.573415681,100.6866452
149,5.575297226,100.6854186
150,5.571059567,100.6848923
151,5.571897497,100.6858125
152,5.571831958,100.6850125
153,5.575351613,100.6852153
154,5.570579225,100.6839269
155,5.577700524,100.6838133
156,5.571969189,100.6857627
157,5.573802812,100.6863784
158,5.571434136,100.6852147
159,5.576783635,100.6835555
160,5.57716864,100.6840313
161,5.570254038,100.6850508
162,5.572171774,100.6862774
163,5.57501619,100.6861142
164,5.572558444,100.6861714
165,5.571463869,100.6861255
166,5.575467869,100.6857941
167,5.574587449,100.6859201
168,5.572901388,100.6863438
169,5.577651739,100.6840327
170,5.570329185,100.6850939
171,5.575919517,100.6854846
172,5.571371519,100.6845933
173,5.577158388,100.6839136
174,5.574101121,100.6858473
175,5.571496536,100.6859113
176,5.570984634,100.6847744
177,5.577716041,100.6840652
178,5.573717721,100.6861105
179,5.573619391,100.6866672
180,5.575790698,100.6854951
181,5.57106801,100.6856422
182,5.571397554,100.6854968
183,5.572720575,100.685722
184,5.574158493,100.6858009
185,5.571069941,100.6849675
186,5.577071425,100.684299
187,5.575984034,100.6854419
188,5.575005816,100.686039
189,5.57052157,100.6853729
190,5.570243694,100.6849651
191,5.576319671,100.6844683
192,5.571146804,100.6844107
193,5.574188777,100.6865189
194,5.575996627,100.6848421
195,5.572454004,100.6851642
196,5.575921664,100.6847348
197,5.57164682,100.6859009
198,5.576610865,100.6839226
199,5.570503721,100.6841089
200,5.574386938,100.6859801
201,5.571298162,100.6852252
202,5.570318554,100.6850082
203,5.574489866,100.6863161
204,5.572568359,100.6864071
205,5.574414688,100.6862838
206,5.570993118,100.6856099
207,5.571528171,100.6861576
208,5.572420437,100.6855926
209,5.574158728,100.685719
210,5.572568604,100.6863214
211,5.570714415,100.6854912
212,5.571486592,100.6856862
213,5.573686271,100.6857996
214,5.574039875,100.6860471
215,5.571440851,100.6853684
216,5.572782739,100.6865006
217,5.573083112,100.6865477
218,5.571613754,100.6862544
219,5.570907566,100.6855026
220,5.574674473,100.6855133
221,5.570883035,100.685274
222,5.576736699,100.6837553
223,5.571752885,100.6863405
224,5.576652445,100.6843941
225,5.571024743,100.68576
226,5.570920087,100.6848276
227,5.57098635,100.6841745
228,5.573114646,100.6855303
229,5.575457495,100.6857189
230,5.574747963,100.6861348
231,5.575867594,100.6849274
232,5.576668462,100.683798
233,5.575534288,100.6850873
234,5.57068278,100.6852449
235,5.575834211,100.6852915
236,5.573600964,100.6856065
237,5.570660763,100.6854376
238,5.570961698,100.6852885
239,5.570996723,100.68435
240,5.575413982,100.6859225
241,5.570581853,100.6843091
242,5.57553653,100.6850063
243,5.572382147,100.6864709
244,5.571920444,100.6852947
245,5.570740141,100.6852022
246,5.571840155,100.685848
247,5.57401933,100.6857257
248,5.573904127,100.6859787
249,5.574889274,100.6854602
250,5.575436919,100.6854084
251,5.570437458,100.684762
252,5.575803261,100.6849058
253,5.573245252,100.6861948
254,5.571742542,100.6862548
255,5.572279526,100.6861278
256,5.576200583,100.6847784
257,5.57584806,100.6854524
258,5.572235831,100.6863953
259,5.572582608,100.6852289
260,5.572828368,100.6855581
261,5.573051457,100.6864085
262,5.576265498,100.6845966
263,5.577662113,100.6841079
264,5.575717954,100.6847128
265,5.572492324,100.6854748
266,5.570555892,100.6845804
267,5.5759427,100.6848848
268,5.570768087,100.6854379
269,5.573051242,100.6864833
270,5.572364833,100.6863208
271,5.571458194,100.6847769
272,5.572771007,100.6856007
273,5.570416453,100.6846014
274,5.571758324,100.6857407
275,5.571967287,100.6864268
276,5.570360841,100.6852331
277,5.572271473,100.6851423
278,5.571754848,100.685655
279,5.571261315,100.6855999
280,5.572023576,100.6855592
281,5.577558285,100.6841861
282,5.575304165,100.6854937
283,5.57591129,100.6846599
284,5.570468378,100.6851586
285,5.572450385,100.6864282
286,5.573097117,100.6854551
287,5.571489749,100.684583
288,5.571775608,100.6859013
289,5.577645785,100.6839525
290,5.577114784,100.6841492
291,5.571357558,100.6857715
292,5.575780324,100.6854199
293,5.571209635,100.684957
294,5.572149818,100.6864488
295,5.575749118,100.6850236
296,5.571667365,100.6862223
297,5.571689023,100.6849549
298,5.570757927,100.6852879
299,5.572183569,100.6858561
300,5.574094191,100.6857688
301,5.570833064,100.6852344
302,5.571400835,100.6856502
303,5.576839607,100.6839984
304,5.573719193,100.6855963
305,5.573438619,100.6861311
306,5.575738744,100.6849485
307,5.575103644,100.6855574
308,5.57275178,100.6861183
309,5.573138911,100.6858517
310,5.573265828,100.6865054
311,5.575351828,100.6851402
312,5.570672065,100.683988
313,5.575375591,100.6855368
314,5.570514065,100.6841946
315,5.571655416,100.6853976
316,5.57149672,100.685847
317,5.570524727,100.6842695
318,5.57084319,100.6841956
319,5.572087878,100.6855916
320,5.570473008,100.6844772
321,5.570974259,100.6846992
322,5.573921646,100.6860573
323,5.573611379,100.6857674
324,5.574420929,100.686369
325,5.570922048,100.6841421
326,5.575909132,100.6854132
327,5.570703805,100.6853983
328,5.570597442,100.6850624
329,5.571871361,100.6862443
330,5.570341521,100.6844832
331,5.570845195,100.6847954
332,5.572300316,100.6863635
333,5.57491425,100.6856913
334,5.575736412,100.6857626
335,5.57404012,100.6859614
336,5.574315287,100.6860156
337,5.573815314,100.6857108
338,5.572639805,100.686443
339,5.573042974,100.6855729
340,5.574221108,100.6864224
341,5.571571683,100.6859544
342,5.57372742,100.686421
343,5.576577799,100.6842762
344,5.577931485,100.6837873
345,5.57514507,100.6860823
346,5.572903781,100.6855083
347,5.57539534,100.6849369
348,5.572439755,100.6863425
349,5.573063979,100.6857335
350,5.572172433,100.6851105
351,5.575474778,100.6858798
352,5.575867808,100.6848526
353,5.575416099,100.6851832
354,5.571351646,100.685027
355,5.57510343,100.6856322
356,5.577210434,100.6844279
357,5.575868023,100.6847775
358,5.57128238,100.6857393
359,5.570726056,100.6851236
360,5.572013406,100.6853129
361,5.57276194,100.6862683
362,5.573330375,100.6864521
363,5.571809021,100.6855266
364,5.572152426,100.6855381
365,5.574577105,100.6858344
366,5.576858588,100.6836663
367,5.570899081,100.684667
368,5.571219979,100.6850427
369,5.575128917,100.6857898
370,5.576866816,100.6844912
371,5.571418323,100.6857397
372,5.5756642,100.6846949
373,5.57241872,100.6861925
374,5.570982703,100.6854491
375,5.571881755,100.6863123
376,5.576193826,100.6846393
377,5.572933044,100.686483
378,5.571787741,100.6854622
379,5.577414676,100.6843643
380,5.570857776,100.684099
381,5.574387194,100.685891
382,5.573759085,100.6866567
383,5.573566977,100.6862814
384,5.574845547,100.6857386
385,5.571697241,100.6857833
386,5.57719637,100.6843422
387,5.571956675,100.6850301
388,5.572847246,100.6864613
389,5.572785091,100.6856793
390,5.577393427,100.6842891
391,5.573544745,100.686549
392,5.575222334,100.6853864
393,5.572805881,100.6859151
394,5.576642316,100.6842335
395,5.576771349,100.6841482
396,5.575361988,100.6852902
397,5.573084799,100.6859587
398,5.573116014,100.6863516
399,5.571347112,100.6856215
400,5.575673422,100.6857405
401,5.575082855,100.6853217
402,5.571270441,100.6849109
403,5.571005424,100.6850101
404,5.575745276,100.685195
405,5.574362949,100.6856624
406,5.570449549,100.6842373
407,5.572206077,100.685492
408,5.570484915,100.6843802
409,5.577179301,100.6841065
410,5.572223852,100.6855812
411,5.575281229,100.6860074
412,5.571884127,100.6854839
413,5.570233247,100.6848151
414,5.575844841,100.6853773
415,5.577066866,100.6844341
416,5.575790483,100.6855699
417,5.571807058,100.6862121
418,5.575546286,100.6858943
419,5.575349465,100.6859652
420,5.572685679,100.6854148
421,5.576719333,100.683523
422,5.575562478,100.6852374
423,5.571423976,100.6850647
424,5.576773673,100.6842257
425,5.572375208,100.6863957
426,5.576265345,100.6846501
427,5.574083817,100.6856936
428,5.57105416,100.6854816
429,5.57116784,100.6845607
430,5.570953224,100.6845492
431,5.577630856,100.6838293
432,5.571080571,100.6850532
433,5.577505145,100.6839537
434,5.570723062,100.6849699
435,5.570953438,100.6844744
436,5.575909388,100.685324
437,5.576877477,100.6845661
438,5.572378857,100.6851212
439,5.570811813,100.6851595
440,5.571582027,100.6860401
441,5.575589105,100.6847338
442,5.574941534,100.6859997
443,5.577852963,100.6837996
444,5.57161541,100.685676
445,5.571592688,100.686115
446,5.576915929,100.6836307
447,5.573128496,100.6856909
448,5.570972328,100.6853742
449,5.570211476,100.6849222
450,5.571786054,100.6860513
451,5.575463291,100.6848943
452,5.575911505,100.6845848
453,5.571850816,100.6859229
454,5.576232217,100.685025
455,5.575220401,100.6860611
456,5.572302249,100.6856885
457,5.570937657,100.6849885
458,5.573944368,100.6856184
459,5.576921203,100.6842877
460,5.57732891,100.6843317
461,5.570886991,100.6851917
462,5.577532865,100.684268
463,5.570329444,100.6842475
464,5.570311614,100.684933
465,5.572206281,100.6854206
466,5.572196152,100.6852597
467,5.573394891,100.6864095
468,5.572085731,100.6863415
469,5.572279281,100.6862135
470,5.570831355,100.6846311
471,5.572754979,100.6862006
472,5.571723684,100.6853441
473,5.574360801,100.6864122
474,5.570927006,100.6849099
475,5.57718251,100.6841851
476,5.574559729,100.6856058
477,5.5732608,100.6857627
478,5.575403322,100.6858473
479,5.570940908,100.6850528
480,5.573405235,100.6864952
481,5.576814861,100.6839446
482,5.572408346,100.6861173
483,5.571821297,100.6849373
484,5.572699539,100.685572
485,5.571071616,100.6843819
486,5.575145469,100.6859432
487,5.571071841,100.6843033
488,5.574831902,100.6855066
489,5.573986162,100.6860147
490,5.57176047,100.6849908
491,5.57714785,100.6837956
492,5.570965039,100.6841208
493,5.573609231,100.6865172
494,5.570527926,100.6843518
495,5.571528417,100.6860719
496,5.571521373,100.6847331
497,5.571911602,100.6858839
498,5.571097416,100.6853674
499,5.571808776,100.6856123
500,5.571018445,100.6842603
501,5.574502122,100.6857342
502,5.574235029,100.6858273
503,5.575543046,100.6858263
504,5.573361753,100.6866879
505,5.575199396,100.6859005
506,5.571918502,100.6859731
507,5.570393732,100.6850404
508,5.576244493,100.6844358
509,5.570672405,100.6851697
510,5.572084382,100.6855131
511,5.572924571,100.685744
512,5.571810258,100.6862941
513,5.572009512,100.6854735
514,5.570853618,100.6855524
515,5.572826651,100.6861579
516,5.576682978,100.6839601
517,5.571561237,100.6858044
518,5.572622716,100.6862145
519,5.57496073,100.6854927
520,5.576160525,100.6850748
521,5.575792815,100.6847558
522,5.577543495,100.6843538
523,5.574985026,100.6858033
524,5.571361144,100.6845184
525,5.571598065,100.6854366
526,5.572354182,100.6862423
527,5.571431989,100.6859645
528,5.571532004,100.6848188
529,5.574689782,100.6856036
530,5.571646575,100.6859866
531,5.570846699,100.6854701
532,5.573236555,100.6854341
533,5.570707431,100.6841309
534,5.572484954,100.6855499
535,5.573588009,100.6861985
536,5.577212367,100.683753
537,5.576448735,100.6843721
538,5.572438243,100.6856712
539,5.572464379,100.6852391
540,5.577264853,100.6842139
541,5.574920724,100.6857711
542,5.571848997,100.6852588
543,5.573475395,100.6857813
544,5.571475961,100.6856005
545,5.575405479,100.6850941
546,5.572614233,100.6853789
547,5.572764302,100.6854436
548,5.571731881,100.6861796
549,5.571189815,100.6843822
550,5.574416591,100.6856197
551,5.570872218,100.6840528
552,5.577128634,100.6843097
553,5.57414597,100.6864759
554,5.577807904,100.6842621
555,5.571196828,100.685632
556,5.572645653,100.6857004
557,5.571849456,100.6850982
558,5.571509538,100.6851687
559,5.575683903,100.6850762
560,5.574998,100.6859595
561,5.573152761,100.6860123
562,5.572357467,100.6855635
563,5.576716982,100.6843443
564,5.576034496,100.6853101
565,5.571090731,100.6852032
566,5.571385614,100.6846684
567,5.574564757,100.6863485
568,5.573938776,100.6863716
569,5.574261403,100.6861433
570,5.571906818,100.6850555
571,5.570414523,100.6852761
572,5.570876361,100.685106
573,5.570801469,100.6850738
574,5.574427252,100.6856946
575,5.572826446,100.6862293
576,5.571036631,100.6854064
577,5.575766444,100.6852699
578,5.573473247,100.6865311
579,5.576879592,100.6838271
580,5.573658542,100.6856463
581,5.57401237,100.6856577
582,5.573546842,100.6858172
583,5.570698785,100.6846522
584,5.5756582,100.685591
585,5.575157198,100.6853586
586,5.576899923,100.6842234
587,5.573283131,100.6866591
588,5.570759643,100.6846881
589,5.575996842,100.6847673
590,5.572975218,100.6855476
591,5.573696685,100.6859604
592,5.577487977,100.6838342
593,5.57390062,100.6859039
594,5.575597117,100.6856337
595,5.571561023,100.6858792
596,5.571721752,100.6860191
597,5.570440678,100.6848371
598,5.574308562,100.6858656
599,5.571711092,100.6859439
600,5.577611681,100.6842291
601,5.577522715,100.6841146
602,5.571186699,100.6854711
603,5.570428492,100.6840944
604,5.570374658,100.6842048
605,5.573965127,100.6858647
606,5.575524373,100.6848516
607,5.574015344,100.6858185
608,5.573040827,100.6863228
609,5.57242935,100.6862782
610,5.574992707,100.6858828
611,5.572253319,100.6864848
612,5.576513252,100.6843294
613,5.572635268,100.6855289
614,5.572720084,100.6858934
615,5.576394347,100.6845756
616,5.571296445,100.6858251
617,5.57445818,100.6860874
618,5.572711272,100.6864718
619,5.574179313,100.6860261
620,5.57646931,100.6846829
621,5.577566462,100.6838291
622,5.576665252,100.6837194
623,5.575464328,100.6849711
624,5.571326107,100.6854609
625,5.573740198,100.6857569
626,5.575049789,100.6856749
627,5.577855694,100.683969
628,5.575607348,100.6858588
629,5.572764056,100.6855293
630,5.577716286,100.6839795
631,5.576394122,100.6846541
632,5.577791178,100.6840117
633,5.574244045,100.6859083
634,5.571509313,100.6852472
635,5.573490547,100.6866861
636,5.572129949,100.6858917
637,5.571863092,100.6853339
638,5.573890267,100.6858216
639,5.576544202,100.6847151
640,5.575318015,100.6856543
641,5.574189943,100.6861118
642,5.574136016,100.6861545
643,5.573257539,100.6856021
644,5.572399647,100.6853569
645,5.575372403,100.685451
646,5.570587098,100.6849766
647,5.571082287,100.6844533
648,5.575083085,100.6860722
649,5.576394562,100.6845005
650,5.571295923,100.6848073
651,5.570803369,100.6844097
652,5.57644851,100.6844506
653,5.574444556,100.6858483
654,5.577004711,100.6838095
655,5.574232091,100.6864898
656,5.57219422,100.6859347
657,5.57302935,100.6853335
658,5.57263307,100.6862965
659,5.573743408,100.6858355
660,5.570653545,100.6842593
661,5.575232463,100.6855469
662,5.572098222,100.6856774
663,5.570613498,100.684452
664,5.573438394,100.6862096
665,5.570351936,100.6846441
666,5.570620163,100.6846234
667,5.572957852,100.6853156
668,5.575497736,100.6853586
669,5.574298208,100.6857836
670,5.571239083,100.6858677
671,5.571551108,100.6856435
672,5.571124083,100.6848496
673,5.572399862,100.6852817
674,5.574458631,100.6859303
675,5.574941998,100.6860716
676,5.57257902,100.686482
677,5.576684637,100.6841592
678,5.571303385,100.6858999
679,5.571179164,100.6843036
680,5.576896877,100.6839877
681,5.577233314,100.6839339
682,5.576730917,100.683849
683,5.575782471,100.6846701
684,5.576027761,100.6851636
685,5.571296873,100.6844754
686,5.570498285,100.6847087
687,5.571938055,100.6854413
688,5.575316713,100.6849915
689,5.57573309,100.6856235
690,5.571984991,100.6852414
691,5.571258146,100.685507
692,5.571242486,100.6846786
693,5.576882822,100.6838986
694,5.571996929,100.6860699
695,5.571906604,100.6851304
696,5.571349023,100.684954
697,5.571594374,100.685526
698,5.57700651,100.6844808
699,5.576020841,100.6850816
700,5.575898942,100.685174
701,5.57233556,100.6852496
702,5.572169689,100.6857061
703,5.571767441,100.6850551
704,5.576469525,100.6846078
705,5.570369211,100.6848084
706,5.571598269,100.6853652
707,5.575149251,100.6860267
708,5.576017631,100.685003
709,5.576788429,100.6843802
710,5.576670553,100.6846299
711,5.574835387,100.6855886
712,5.573288765,100.6859913
713,5.571169333,100.6852391
714,5.570867724,100.6856239
715,5.573009877,100.6859371
716,5.572798972,100.6858293
717,5.574889488,100.6853854
718,5.572199351,100.685342
719,5.570383061,100.6849689
720,5.57101584,100.6851707
721,5.573954814,100.6857684
722,5.576089078,100.6850389
723,5.57409189,100.686572
724,5.576251433,100.6845109
725,5.57140104,100.6855788
726,5.577468317,100.6843216
727,5.573480198,100.6866025
728,5.574618899,100.6862307
729,5.57582034,100.6851381
730,5.572201679,100.6860916
731,5.570243909,100.68489
732,5.571679958,100.6856225
733,5.576619348,100.6847582
734,5.575684511,100.6851505
735,5.574253805,100.6860638
736,5.572650487,100.6865108
737,5.573930925,100.6866144
738,5.571307248,100.6845502
739,5.576232657,100.6851054
740,5.570801684,100.6849987
741,5.576727622,100.6844266
742,5.574672776,100.6861061
743,5.573063734,100.6858192
744,5.573226249,100.6860374
745,5.571632715,100.6858294
746,5.575529082,100.6847984
747,5.5710089,100.6850958
748,5.571979635,100.6859127
749,5.572182117,100.6863632
750,5.572847461,100.6863865
751,5.572331891,100.6853315
752,5.572697413,100.6863147
753,5.571883913,100.6855588
754,5.574978127,100.6857142
755,5.572818229,100.6854009
756,5.574225009,100.6857624
757,5.575801144,100.6856451
758,5.574651751,100.6859523
759,5.571357313,100.6858572
760,5.57206165,100.6859558
761,5.572260454,100.6852922
762,5.576286104,100.6848966
763,5.576523401,100.6844831
764,5.576113313,100.6852709
765,5.57033959,100.6851582
766,5.574340012,100.6861765
767,5.574477338,100.6862437
768,5.572782944,100.6864292
769,5.576685674,100.6840837
770,5.571157189,100.6844821
771,5.571101361,100.6852889
772,5.57562355,100.6851981
773,5.573405021,100.68657
774,5.572881028,100.6859581
775,5.574670311,100.6860306
776,5.571457061,100.6847043
777,5.572401446,100.6860282
778,5.574523147,100.6858877
779,5.577083323,100.683842
780,5.571113453,100.6847639
781,5.573100202,100.6862031
782,5.576797495,100.6837126
783,5.572141989,100.6853847
784,5.573955029,100.6856932
785,5.572870398,100.6858724
786,5.571388722,100.6860824
787,5.572635023,100.6856146
788,5.576734552,100.6845051
789,5.576858802,100.6835914
790,5.573842375,100.6860209
791,5.572975013,100.685619
792,5.573985947,100.6860898
793,5.577759342,100.6838063
794,5.571683136,100.6857119
795,5.570867917,100.6843562
796,5.572108668,100.6858274
797,5.574285624,100.6863797
798,5.571312226,100.6853109
799,5.570775457,100.6853628
800,5.574315492,100.6859442
801,5.570276943,100.6845473
802,5.571413335,100.6849827
803,5.571971131,100.6850843
804,5.573384231,100.6863343
805,5.573598287,100.6863543
806,5.571782568,100.6859693
807,5.574547453,100.6861948
808,5.57107867,100.6857173
809,5.574726939,100.6859811
810,5.573802536,100.6864749
811,5.573529272,100.6856563
812,5.571704162,100.6858653
813,5.571344541,100.6851147
814,5.574798385,100.686017
815,5.570536142,100.6839804
816,5.573499619,100.686017
817,5.571777755,100.6851514
818,5.571667569,100.6861509
819,5.571936123,100.686116
820,5.574104637,100.6859188
821,5.573128301,100.6857589
822,5.571744474,100.6855798
823,5.573458081,100.6855313
824,5.570718062,100.6842166
825,5.570982488,100.6855242
826,5.5708311,100.6847203
827,5.574814382,100.685428
828,5.571432204,100.6858897
829,5.571251216,100.6854284
830,5.575186211,100.6856657
831,5.572012465,100.6856414
832,5.570900606,100.6854346
833,5.577240322,100.6839853
834,5.571892396,100.6863943
835,5.576275729,100.6848215
836,5.570553716,100.6853408
837,5.572291619,100.6856028
838,5.577009729,100.6845559
839,5.57562033,100.6850233
840,5.573384446,100.6862595
841,5.577682907,100.6843423
842,5.570642894,100.6841807
843,5.574070794,100.6864434
844,5.571530348,100.6853972
845,5.573544489,100.6866384
846,5.573609446,100.6864421
847,5.574866337,100.6859743
848,5.575504666,100.6854371
849,5.571036845,100.6853316
850,5.573628203,100.6860888
851,5.572829942,100.6863077
852,5.570743512,100.6840239
853,5.57182607,100.6857694
854,5.576404793,100.6847256
855,5.570668899,100.6850949
856,5.576190637,100.6845536
857,5.572669652,100.6860146
858,5.573182423,100.6856482
859,5.572526749,100.6859462
860,5.576931332,100.6844486
861,5.575736627,100.6856878
862,5.573619636,100.6865815
863,5.574343242,100.6862479
864,5.575586761,100.6848028
865,5.577898961,100.6838515
866,5.573856914,100.6861751
867,5.573877243,100.6865714
868,5.575653223,100.6848306
869,5.576933469,100.6837022
870,5.574856207,100.6858138
871,5.570393517,100.6851155
872,5.573886761,100.6857467
873,5.572655567,100.685936
874,5.575283805,100.685108
875,5.577029202,100.6840524
876,5.57579262,100.6848238
877,5.575675319,100.685809
878,5.570950066,100.6856527
879,5.574204343,100.6862672
880,5.572941865,100.6859012
881,5.570555606,100.6846803
882,5.577125159,100.684224
883,5.571125586,100.6855246
884,5.573386379,100.6855845
885,5.575246548,100.6856255
886,5.571897742,100.6857268
887,5.571726883,100.6854264
888,5.574169154,100.6858761
889,5.575596902,100.6857088
890,5.572983199,100.6864583
891,5.57304646,100.6856549
892,5.574210733,100.6863475
893,5.573578241,100.6860458
894,5.575208097,100.6851559
895,5.573098854,100.6860479
896,5.576675382,100.68388
897,5.572849353,100.6857258
898,5.577039607,100.6841167
899,5.570447619,100.684912
900,5.575824807,100.6852167
901,5.573115759,100.6864407
902,5.575607563,100.6857836
903,5.576868962,100.6837414
904,5.575066858,100.6859106
905,5.570931208,100.684742
906,5.571946467,100.6862017
907,5.570587313,100.6849018
908,5.573374072,100.6861843
909,5.571486377,100.6857613
910,5.573564381,100.6858886
911,5.577587222,100.6840754
912,5.571139242,100.6857532
913,5.572150954,100.6860523
914,5.576856656,100.6843412
915,5.571048905,100.6848174
916,5.576102969,100.6851852
917,5.572598421,100.6859036
918,5.577920211,100.6839264
919,5.575674228,100.6849912
920,5.570641169,100.684784
921,5.574476006,100.6861589
922,5.575202606,100.685979
923,5.573686055,100.6858747
924,5.573670068,100.6864603
925,5.570857286,100.6842704
926,5.5730326,100.6854978
927,5.574553554,100.6862761
928,5.573457825,100.6856204
929,5.573183945,100.686316
930,5.570611088,100.6852946
931,5.571232846,100.6843466
932,5.575694792,100.6853054
933,5.575059917,100.6858358
934,5.570508721,100.6848622
935,5.574441357,100.685766
936,5.573685393,100.6866266
937,5.573578027,100.6861206
938,5.574017182,100.6864755
939,5.573910688,100.6861859
940,5.570832603,100.6853953
941,5.572196336,100.6851955
942,5.574763941,100.6855527
943,5.574447826,100.6860054
944,5.570984368,100.6848672
945,5.571277116,100.6850786
946,5.572081765,100.6864272
947,5.573448748,100.6862917
948,5.577841619,100.683887
949,5.571885599,100.6849698
950,5.575014873,100.6853749
951,5.57616724,100.6852282
952,5.571746405,100.6849051
953,5.571186443,100.6855605
954,5.573192145,100.6864665
955,5.571925462,100.6860411
956,5.57604855,100.6853993
957,5.576608718,100.6846725
958,5.573189353,100.6857268
959,5.570426828,100.6846763
960,5.572497117,100.6862998
961,5.575854765,100.6856095
962,5.571864676,100.68608
963,5.573357631,100.6860209
964,5.575855021,100.6855201
965,5.573748424,100.6865819
966,5.576340471,100.6847003
967,5.577919996,100.6840015
968,5.571444796,100.6852899
969,5.572340364,100.6860708
970,5.574737303,100.6860597
971,5.573547077,100.6857349
972,5.572169464,100.6857847
973,5.572227071,100.6856563
974,5.570522796,100.6849445
975,5.573956305,100.6864468
976,5.571343339,100.6844398
977,5.576050912,100.6845746
978,5.576126079,100.6846105
979,5.575330909,100.6858096
980,5.576910788,100.6841272
981,5.575234038,100.6854652
982,5.574873276,100.6860495
983,5.571369833,100.6851825
984,5.571168873,100.6853996
985,5.574751389,100.6862141
986,5.572509689,100.6857071
987,5.577267592,100.6844567
988,5.575546114,100.6847551
989,5.576167455,100.6851534
990,5.570925085,100.6855812
991,5.572825551,100.6860736
992,5.57346776,100.6864461
993,5.571169537,100.6851677
994,5.576254479,100.6847466
995,5.573672196,100.6857176
996,5.573159701,100.6860875
997,5.571383694,100.6853397
998,5.571883668,100.6856445
999,5.576938712,100.68437
1000,5.573118162,100.6856017
1001,5.570630825,100.6846983
1002,5.572992297,100.6857799
1003,5.570275288,100.6851257
1004,5.571171126,100.6853152
1005,5.574529627,100.6861234
1006,5.577770142,100.6838617
1007,5.572490177,100.6862247
1008,5.570362281,100.6847298
1009,5.570640954,100.6848591
1010,5.57352738,100.686317
1011,5.570855325,100.684956
1012,5.573261055,100.6856735
1013,5.572570721,100.6855822
1014,5.571985236,100.6851557
1015,5.577737076,100.6842152
1016,5.577383011,100.6841285
1017,5.573645798,100.6861646
1018,5.575888598,100.6850883
1019,5.570928722,100.6843101
1020,5.575390823,100.685683
1021,5.571045696,100.6847389
1022,5.576160781,100.6849854
1023,5.570825694,100.6853095
1024,5.573010093,100.6858619
1025,5.573074394,100.6858944
1026,5.571117398,100.6846854
1027,5.571080346,100.6851317
1028,5.571870063,100.6853982
1029,5.574815669,100.6861779
1030,5.574064355,100.6861934
1031,5.576950472,100.6838561
1032,5.572514038,100.686453
1033,5.571453229,100.6860432
1034,5.572270798,100.6853779
1035,5.573448564,100.6863559
1036,5.570616964,100.6845411
1037,5.57380496,100.6856285
1038,5.575721153,100.684795
1039,5.573039393,100.6862502
1040,5.572598216,100.685975
1041,5.576071733,100.6847995
1042,5.571123838,100.6849353
1043,5.577303208,100.6839388
1044,5.570485936,100.6840232
1045,5.57698572,100.6842451
1046,5.572976525,100.6862903
1047,5.573526073,100.6855743
1048,5.576593735,100.6845158
1049,5.571014254,100.6844246
1050,5.573670273,100.6863888
1051,5.574645056,100.6857918
1052,5.573740444,100.6856712
1053,5.570297795,100.6847616
1054,5.574013667,100.6864041
1055,5.570468644,100.6850657
1056,5.574218306,100.685681
1057,5.572676572,100.6860966
1058,5.570743308,100.6840953
1059,5.572064941,100.6861058
1060,5.570341276,100.6845689
1061,5.571667824,100.6860618
1062,5.573086476,100.6853731
1063,5.57362534,100.6859997
1064,5.576896682,100.6840557
1065,5.570953009,100.6846243
1066,5.572957637,100.6853905
1067,5.572554928,100.6861
1068,5.570311869,100.6848439
1069,5.570954942,100.6851491
1070,5.570782609,100.6841631
1071,5.573614384,100.6859174
1072,5.576839075,100.6841841
1073,5.571314016,100.6859856
1074,5.573669813,100.6865494
1075,5.571725156,100.6848299
1076,5.577630734,100.6838721
1077,5.573420918,100.6859053
1078,5.577705626,100.6839043
1079,5.57611546,100.6845211
1080,5.570491355,100.6846302
1081,5.574929074,100.6859269
1082,5.572615786,100.6861359
1083,5.577081401,100.6845133
1084,5.577226298,100.6838853
1085,5.576797291,100.6837841
1086,5.572028533,100.6850273
1087,5.577458403,100.6840859
1088,5.571010658,100.6856814
1089,5.570824405,100.6845597
1090,5.572389487,100.6852069
1091,5.576533827,100.6846403
1092,5.572645439,100.6857752
1093,5.57326776,100.6858307
1094,5.576940388,100.6837845
1095,5.571544188,100.6855615
1096,5.575930208,100.6855489
1097,5.57157383,100.6852046
1098,5.575712076,100.6854663
1099,5.576337215,100.6847723
1100,5.570855539,100.6848812
1101,5.57288618,100.6853583
1102,5.57120752,100.6856963
1103,5.573975819,100.685929
1104,5.577576592,100.6839897
1105,5.575693972,100.6852288
1106,5.576778694,100.6834082
1107,5.572110846,100.6850667
1108,5.571284506,100.6849966
1109,5.570186291,100.6850221
1110,5.570800669,100.6840526
1111,5.571170815,100.6847212
1112,5.571217864,100.685782
1113,5.576645617,100.6844851
1114,5.575852789,100.6847085
1115,5.576835866,100.6841055
1116,5.57373805,100.6865067
1117,5.575039127,100.6856001
1118,5.57267181,100.6852611
1119,5.573314901,100.6855594
1120,5.571842097,100.6851696
1121,5.572832324,100.6854758
1122,5.571596551,100.6847653
1123,5.570695831,100.6844842
1124,5.577093933,100.6839349
1125,5.573025955,100.6854248
1126,5.573386614,100.6855025
1127,5.570287858,100.6846916
1128,5.572989088,100.6857013
1129,5.575415884,100.6852584
1130,5.570492997,100.6853039
1131,5.570780679,100.6848381
1132,5.577362405,100.6838285
1133,5.573343071,100.6857166
1134,5.571606926,100.6848404
1135,5.577297919,100.6838603
1136,5.572632875,100.6863645
1137,5.575620233,100.6849522
1138,5.572347284,100.6861528
1139,5.57231432,100.685171
1140,5.571436149,100.6858112
1141,5.57139682,100.6848162
1142,5.572528896,100.6851964
1143,5.577076413,100.6837563
1144,5.572177105,100.685065
1145,5.572671605,100.6853325
1146,5.573213587,100.6859591
1147,5.572346006,100.6853996
1148,5.57138541,100.6847398
1149,5.570508926,100.6847908
1150,5.574404303,100.6862124
1151,5.571530103,100.6854829
1152,5.572314525,100.6850995
1153,5.570792953,100.6842488
1154,5.577266079,100.6837854
1155,5.57177755,100.6852228
1156,5.572549686,100.6854321
1157,5.574591498,100.6859922
1158,5.572544544,100.6860286
1159,5.573255443,100.686334
1160,5.570629034,100.6840236
1161,5.573332247,100.6857986
1162,5.573255198,100.6864196
1163,5.576952408,100.6845843
1164,5.570473815,100.6845587
1165,5.570777193,100.6847558
1166,5.573621754,100.6858423
1167,5.571611914,100.6855974
1168,5.576611079,100.6838478
1169,5.570331146,100.6844083
1170,5.57200757,100.6861519
1171,5.576142955,100.6849139
1172,5.57125814,100.6848353
1173,5.577158265,100.6839565
1174,5.57101774,100.6845066
1175,5.570562546,100.6847552
1176,5.575361742,100.6853759
1177,5.571670022,100.685294
1178,5.572795722,100.6857651
1179,5.572312593,100.6857742
1180,5.571627941,100.6849976
1181,5.570824371,100.6841317
1182,5.571171019,100.6846498
1183,5.571655866,100.6852405
1184,5.575640629,100.6854304
1185,5.571028115,100.6845817
1186,5.577855438,100.6840584
1187,5.574046866,100.6861043
1188,5.576373312,100.6844256
1189,5.576214657,100.6848607
1190,5.572741109,100.6860468
1191,5.574114817,100.6860616
1192,5.571953181,100.6863554
1193,5.577500435,100.6838784
1194,5.577003178,100.6843451
1195,5.57666489,100.6845482
1196,5.575396968,100.6850232
1197,5.574791445,100.6859421
1198,5.571671228,100.6848726
1199,5.57070403,100.6853198
1200,5.576588143,100.6843619
1201,5.57068517,100.6844093
1202,5.57155402,100.6846261
1203,5.571185473,100.6858996
1204,5.574151447,100.6863889
1205,5.570200182,100.6851684
1206,5.575647559,100.685509
1207,5.572617728,100.6854575
1208,5.573211685,100.6866232
1209,5.57141356,100.6849042
1210,5.572427817,100.6855141
1211,5.576534072,100.6845546
1212,5.571512522,100.6853258
1213,5.571026184,100.6852564
1214,5.570803645,100.6843131
1215,5.575953115,100.6850457
1216,5.571256581,100.6847538
1217,5.571603062,100.6861901
1218,5.5735343,100.686399
1219,5.576458864,100.6845329
1220,5.57478102,100.685785
1221,5.575089805,100.6853931
1222,5.572469397,100.6859855
1223,5.570737167,100.6850413
1224,5.573298914,100.686145
1225,5.574273567,100.686219
1226,5.577576806,100.6839148
1227,5.575274277,100.6859364
1228,5.57330934,100.6863021
1229,5.572697607,100.6862467
1230,5.576863158,100.6844114
1231,5.571507166,100.685997
1232,5.571669276,100.6855547
1233,5.571678025,100.6862975
1234,5.570942777,100.6843992
1235,5.571702649,100.6851941
1236,5.5708694,100.6850383
1237,5.571125768,100.6842606
1238,5.575715592,100.6855377
1239,5.573027192,100.6860871
1240,5.576941993,100.6845234
1241,5.575565953,100.6853231
1242,5.574899934,100.6855354
1243,5.572957422,100.6854656
1244,5.57213182,100.6852381
1245,5.576601697,100.6845968
1246,5.574278694,100.6863012
1247,5.570168006,100.6851111
1248,5.574709318,100.6858382
1249,5.572225334,100.6850636
1250,5.573214017,100.6858091
1251,5.572753927,100.6853685
1252,5.571798555,100.6853837
1253,5.570400427,100.6852012
1254,5.57316986,100.6862374
1255,5.57457732,100.6857593
1256,5.572955704,100.6860654
1257,5.573349582,100.6859415
1258,5.570705715,100.6847308
1259,5.57456668,100.6856773
1260,5.57402946,100.6858863
1261,5.573028299,100.6861688
1262,5.570639514,100.6853624
1263,5.571038776,100.6846566
1264,5.573867329,100.6863357
1265,5.571702894,100.6851084
1266,5.575171648,100.6855145
1267,5.573849963,100.6861037
1268,5.573133299,100.6865121
1269,5.573513274,100.6862456
1270,5.576523606,100.6844117
1271,5.575049543,100.6857606
1272,5.573823602,100.6866141
1273,5.574780815,100.6858564
1274,5.577512044,100.6840432
1275,5.573877703,100.6864109
1276,5.573475191,100.6858527
1277,5.572730745,100.6859683
1278,5.571144874,100.6850854
1279,5.571089045,100.6857922
1280,5.570406914,100.6844447
1281,5.572075316,100.6861806
1282,5.577780803,100.6839368
1283,5.576587897,100.6844476
1284,5.574727143,100.6859097
1285,5.573485555,100.6859313
1286,5.577486123,100.6844002
1287,5.572472893,100.6860641
1288,5.572901849,100.686183
1289,5.571469021,100.6855256
1290,5.573020039,100.6860103
1291,5.57515857,100.6854292
1292,5.572063592,100.6852774
1293,5.577018571,100.6839666
1294,5.574759995,100.6856313
1295,5.573245498,100.6861091
1296,5.572901624,100.6862615
1297,5.576983786,100.6841655
1298,5.571313943,100.6847111
1299,5.574916778,100.6858497
1300,5.573565749,100.6867099
1301,5.574807196,100.6860938
1302,5.571282585,100.6856679
1303,5.577380026,100.6839714
1304,5.57580648,100.684981
1305,5.57563047,100.6852804
1306,5.574400808,100.6861338
1307,5.572918959,100.6864044
1308,5.571554348,100.6857115
1309,5.574027526,100.6865613
1310,5.575963469,100.6851277
1311,5.571700144,100.6847693
1312,5.575121225,100.6857146
1313,5.573832981,100.6859482
1314,5.571958845,100.685677
1315,5.572026541,100.6857234
1316,5.575426259,100.6853332
1317,5.577454478,100.6841573
1318,5.571145119,100.6849997
1319,5.574350141,100.6863371
1320,5.571989999,100.6859913
1321,5.57392143,100.6861325
1322,5.571935662,100.6862768
1323,5.574081924,100.6863543
1324,5.577240117,100.6840567
1325,5.574512804,100.6858019
1326,5.574716698,100.6857597
1327,5.572281459,100.6854528
1328,5.571240555,100.6853536
1329,5.577308334,100.6840212
1330,5.57461072,100.6860676
1331,5.574614964,100.6863058
1332,5.570954234,100.6841959
1333,5.570800029,100.6855771
1334,5.57530764,100.6855794
1335,5.576125875,100.6846819
1336,5.575675739,100.6856624
1337,5.572061446,100.6860272
1338,5.574386682,100.6860695
1339,5.577329339,100.6841818
1340,5.573436961,100.6867095
1341,5.577050237,100.6842024
1342,5.57186116,100.6860086
1343,5.573510096,100.6861561
1344,5.571314147,100.6846397
1345,5.571383469,100.6854182
1346,5.574084888,100.6865186
1347,5.576811355,100.6838698
1348,5.572035422,100.6851202
1349,5.574815464,100.6862493
1350,5.574292394,100.6857071
1351,5.572814754,100.6853152
1352,5.57613625,100.6847568
1353,5.575211674,100.6853112
1354,5.57635755,100.6849325
1355,5.572255037,100.6858849
1356,5.57297628,100.686376
1357,5.573315137,100.6854772
1358,5.572485383,100.6854
1359,5.574709829,100.6856597
1360,5.577139008,100.6843849
1361,5.570576652,100.6848267
1362,5.576202713,100.6847078
1363,5.574200307,100.6861904
1364,5.572561624,100.6862606
1365,5.573928135,100.6862896
1366,5.57528355,100.6851971
1367,5.571699408,100.6850264
1368,5.573651037,100.6862366
1369,5.571868049,100.6849017
1370,5.571562699,100.6852936
1371,5.5712408,100.6852679
1372,5.571498867,100.6850972
1373,5.570878261,100.6844419
1374,5.573309555,100.686227
1375,5.572063388,100.6853488
1376,5.575457709,100.6856441
1377,5.575274518,100.6858523
1378,5.572193975,100.6860204
1379,5.572556646,100.6855001
1380,5.573421028,100.6859774
1381,5.572475039,100.6853142
1382,5.57514735,100.6852864
1383,5.574135597,100.6863008
1384,5.571206129,100.6848822
1385,5.570385002,100.6842905
1386,5.573367151,100.6861023
1387,5.572140313,100.6859703
1388,5.577447773,100.6840001
1389,5.573407754,100.6858208
1390,5.577104124,100.684074
1391,5.574672541,100.686188
1392,5.571474428,100.6849363
1393,5.570782192,100.6855094
1394,5.576179956,100.6844856
1395,5.576029291,100.6852316
1396,5.57334577,100.685868
1397,5.571955349,100.6855984
1398,5.572070318,100.6854273
1399,5.573999807,100.686247
1400,5.575441847,100.6854839
1401,5.571477647,100.6850115
1402,5.572739677,100.6865467
1403,5.570742327,100.6844381
1404,5.570723317,100.6848808
1405,5.573823816,100.6865392
1406,5.575638863,100.6853449
1407,5.575986181,100.6846921
1408,5.571669511,100.6854725
1409,5.57463119,100.6856369
1410,5.57221501,100.6861705
1411,5.571103293,100.6846139
1412,5.573427948,100.6860597
1413,5.577383226,100.6840534
1414,5.572614458,100.6853004
1415,5.575188669,100.6857438
1416,5.576554862,100.6847903
1417,5.575986395,100.6846173
1418,5.57660259,100.6837692
1419,5.570900861,100.6853455
1420,5.572945361,100.6859797
1421,5.572268896,100.6860421
1422,5.571625785,100.6857509
1423,5.572112225,100.6857845
1424,5.574137489,100.6856403
1425,5.572007365,100.6862233
1426,5.571378348,100.6860072
1427,5.571438142,100.6851148
1428,5.571634861,100.6850796
1429,5.574512343,100.6859628
1430,5.572921055,100.6856726
1431,5.572880827,100.6860283
1432,5.57088518,100.6845242
1433,5.572861465,100.6852939
1434,5.571228283,100.6851915
1435,5.571092662,100.6845282
1436,5.572420867,100.6854426
1437,5.572921311,100.6855832
1438,5.571733813,100.6855049
1439,5.575175091,100.6855933
1440,5.571563414,100.6850437
1441,5.571796428,100.6861264
1442,5.572812811,100.6859936
1443,5.576610446,100.6840692
1444,5.572150738,100.6861274
1445,5.575898696,100.6852597
1446,5.572455537,100.6858284
1447,5.574617091,100.6855632
1448,5.570971337,100.6857204
1449,5.573975174,100.686154
1450,5.570780372,100.6849452
1451,5.573398455,100.685744
1452,5.570654834,100.6850091
1453,5.576083372,100.6849539
1454,5.571661037,100.6847335
1455,5.571199178,100.6848107
1456,5.577318218,100.6842674
1457,5.571221485,100.6851141
1458,5.573105344,100.6862801
1459,5.57436249,100.6858229
1460,5.570726955,100.6848094
1461,5.577019626,100.6838851
1462,5.573142161,100.685916
1463,5.576092278,100.6851209
1464,5.573777837,100.6860711
1465,5.571329593,100.6855429
1466,5.575517758,100.6855992
1467,5.570828064,100.6844812
1468,5.571817188,100.6863727
1469,5.573324071,100.6856342
1470,5.575073777,100.6859929
1471,5.57193827,100.6853661
1472,5.57156321,100.6851151
1473,5.577426758,100.683843
1474,5.573295705,100.6860664
1475,5.575980834,100.6853599
1476,5.573097077,100.6861241
1477,5.57372785,100.686271
1478,5.574608238,100.6861559
1479,5.576291228,100.6849798
1480,5.574329382,100.6860908
1481,5.57238777,100.6858067
1482,5.570383316,100.6848798
1483,5.573213808,100.6858821
1484,5.572312398,100.6858422
1485,5.571634657,100.685151
1486,5.572507845,100.6863802
1487,5.57635062,100.684854
1488,5.573179393,100.6863961
1489,5.574064099,100.6862828
1490,5.573461179,100.6857012
1491,5.57252866,100.6852787
1492,5.572483267,100.6861389
1493,5.570658881,100.6843385
1494,5.577443382,100.6842579
1495,5.570770477,100.6846024
1496,5.572141785,100.6854561
1497,5.571439828,100.6845258
1498,5.572155604,100.6856275
1499,5.571671442,100.6847978
1500,5.572322816,100.6859258
1501,5.575253498,100.6856969
1502,5.57571228,100.6853949
1503,5.574690346,100.6862666
1504,5.570725002,100.6842915
1505,5.573757482,100.6859178
1506,5.57497459,100.6856499
1507,5.57436991,100.6857301
1508,5.571228901,100.6844252
1509,5.576483415,100.6847544
1510,5.574145756,100.6865507
1511,5.576071968,100.6847175
1512,5.572846718,100.6856335
1513,5.576997345,100.6844044
1514,5.573172243,100.6854054
1515,5.572044366,100.6857949
1516,5.573394348,100.685663
1517,5.573832884,100.6858714
1518,5.576792225,100.6844589
1519,5.577254182,100.6841424
1520,5.57069903,100.6845665
1521,5.573974141,100.6865145
1522,5.572248107,100.6858063
1523,5.573999602,100.6863184
1524,5.575576337,100.6853945
1525,5.57296615,100.6862154
1526,5.574296284,100.6864549
1527,5.572687264,100.6861609
1528,5.571617576,100.684919
1529,5.571327793,100.6848716
1530,5.570556382,100.684409
1531,5.572383865,100.685871
1532,5.572127925,100.685299
1533,5.576813408,100.683621
1534,5.57235635,100.6854853
1535,5.573913293,100.6864752
1536,5.5721106,100.6851524
1537,5.572966396,100.6861297
1538,5.572525123,100.6865141
1539,5.573876258,100.6856693
1540,5.570543372,100.685255
1541,5.574644811,100.6858775
1542,5.573773076,100.6859846
1543,5.575671161,100.6849206
1544,5.576968149,100.6840845
1545,5.572366766,100.6856459
1546,5.57533213,100.6857223
1547,5.572098038,100.6857416
1548,5.573792612,100.6861427
1549,5.572883599,100.6861072
1550,5.572078812,100.6862592
1551,5.570756392,100.6845238
1552,5.575135095,100.685868
1553,5.571545925,100.6849545
1554,5.571331789,100.6847754
1555,5.575382532,100.6856116
1556,5.572612301,100.6860536
1557,5.571542409,100.6848831
1558,5.570879026,100.6841742
1559,5.573785242,100.6862178
1560,5.57370707,100.6860319
1561,5.576968374,100.6840059
1562,5.573815109,100.6857822
1563,5.570577663,100.6844733
1564,5.577311544,100.6840997
1565,5.572527004,100.6858571
1566,5.571393291,100.6844862
1567,5.571132332,100.6856675
1568,5.575577451,100.6854739
1569,5.571286243,100.6843896
1570,5.575446297,100.6855684
1571,5.57331853,100.686375
1572,5.570798218,100.6849096
1573,5.573877028,100.6866465
1574,5.576415168,100.6848005
1575,5.572258502,100.685974
1576,5.574630951,100.6857203
1577,5.572546486,100.6853502
1578,5.577798117,100.6840868
1579,5.576483593,100.6848502
1580,5.570285949,100.6852009
1581,5.574855993,100.6858886
1582,5.57124268,100.6846109
1583,5.573170085,100.6861589
1584,5.572056662,100.6851988
1585,5.571983583,100.6850015
1586,5.573557022,100.68596
1587,5.574125212,100.6862293
1588,5.577426513,100.6839287
1589,5.576425798,100.6848862
1590,5.577360582,100.6838959
1591,5.577098196,100.6840015
1592,5.576599065,100.683685
1593,5.576711815,100.6834016
1594,5.576799733,100.6845339
1595,5.576056075,100.6846408
1596,5.575584937,100.6855506
1597,5.575512297,100.6855203
1598,5.575218876,100.6852281
1599,5.57525887,100.6857742
1600,5.575200425,100.6858195
1601,5.574544291,100.6860257
1602,5.574247474,100.6859833
1603,5.573275759,100.6859117
1604,5.572930139,100.6858244
1605,5.572857176,100.6857901
1606,5.572331065,100.6860006
1607,5.572393522,100.6859587
1608,5.572460026,100.685908
1609,5.571574691,100.6846959
1610,5.571509135,100.6846496
1611,5.571473013,100.6848582
1612,5.570697114,100.6840512
1613,5.572002697,100.6853896
1614,5.577018374,100.6836998
1615,5.570607808,100.683901
